order_id,customer_id,order_date,status,payment_method,order_item_id,product_id,quantity,unit_price
1,1,2025-01-20T10:15:00.000+01:00,COMPLETED,CARD,1,1,1,950000.00
1,1,2025-01-20T10:15:00.000+01:00,COMPLETED,CARD,2,8,1,380000.00
2,2,2025-01-25T14:30:00.000+01:00,COMPLETED,TRANSFER,3,2,1,850000.00
2,2,2025-01-25T14:30:00.000+01:00,COMPLETED,TRANSFER,4,10,2,95000.00
3,3,2025-02-02T09:20:00.000+01:00,COMPLETED,CARD,5,4,1,2500000.00
3,3,2025-02-02T09:20:00.000+01:00,COMPLETED,CARD,6,7,1,550000.00
4,1,2025-02-15T16:45:00.000+01:00,COMPLETED,TRANSFER,7,9,2,180000.00
4,1,2025-02-15T16:45:00.000+01:00,COMPLETED,TRANSFER,8,10,3,95000.00
5,4,2025-02-20T11:10:00.000+01:00,COMPLETED,CARD,9,11,1,900000.00
6,5,2025-03-05T13:25:00.000+01:00,COMPLETED,TRANSFER,10,5,1,2100000.00
6,5,2025-03-05T13:25:00.000+01:00,COMPLETED,TRANSFER,11,8,1,380000.00
7,2,2025-03-15T10:05:00.000+01:00,COMPLETED,CARD,12,3,1,780000.00
7,2,2025-03-15T10:05:00.000+01:00,COMPLETED,CARD,13,10,2,95000.00
8,6,2025-03-20T17:30:00.000+01:00,COMPLETED,CASH,14,13,1,1100000.00
8,6,2025-03-20T17:30:00.000+01:00,COMPLETED,CASH,15,14,1,280000.00
9,7,2025-04-01T09:45:00.000+01:00,COMPLETED,CARD,16,6,1,1800000.00
9,7,2025-04-01T09:45:00.000+01:00,COMPLETED,CARD,17,7,1,550000.00
10,1,2025-04-10T15:20:00.000+01:00,COMPLETED,CARD,18,1,1,950000.00
10,1,2025-04-10T15:20:00.000+01:00,COMPLETED,CARD,19,8,2,380000.00
11,8,2025-04-18T12:10:00.000+01:00,COMPLETED,TRANSFER,20,12,1,720000.00
11,8,2025-04-18T12:10:00.000+01:00,COMPLETED,TRANSFER,21,9,1,180000.00
12,9,2025-05-02T14:00:00.000+01:00,COMPLETED,CARD,22,2,1,850000.00
12,9,2025-05-02T14:00:00.000+01:00,COMPLETED,CARD,23,8,1,380000.00
13,4,2025-05-12T10:30:00.000+01:00,COMPLETED,TRANSFER,24,4,1,2500000.00
13,4,2025-05-12T10:30:00.000+01:00,COMPLETED,TRANSFER,25,10,2,95000.00
14,10,2025-05-20T16:00:00.000+01:00,COMPLETED,CARD,26,15,2,120000.00
14,10,2025-05-20T16:00:00.000+01:00,COMPLETED,CARD,27,14,1,280000.00
15,3,2025-06-01T11:15:00.000+01:00,COMPLETED,TRANSFER,28,3,1,780000.00
15,3,2025-06-01T11:15:00.000+01:00,COMPLETED,TRANSFER,29,7,1,550000.00
16,11,2025-06-10T13:45:00.000+01:00,COMPLETED,CARD,30,9,2,180000.00
16,11,2025-06-10T13:45:00.000+01:00,COMPLETED,CARD,31,10,4,95000.00
17,2,2025-06-20T09:30:00.000+01:00,COMPLETED,CARD,32,1,1,950000.00
18,5,2025-07-05T15:10:00.000+01:00,COMPLETED,TRANSFER,33,5,1,2100000.00
18,5,2025-07-05T15:10:00.000+01:00,COMPLETED,TRANSFER,34,7,1,550000.00
19,12,2025-07-15T12:45:00.000+01:00,COMPLETED,CARD,35,2,1,850000.00
19,12,2025-07-15T12:45:00.000+01:00,COMPLETED,CARD,36,8,1,380000.00
20,1,2025-07-25T17:20:00.000+01:00,COMPLETED,TRANSFER,37,11,1,900000.00
20,1,2025-07-25T17:20:00.000+01:00,COMPLETED,TRANSFER,38,9,2,180000.00
23,15,2025-08-10T11:30:00.000+01:00,COMPLETED,CARD,41,4,1,2500000.00
23,15,2025-08-10T11:30:00.000+01:00,COMPLETED,CARD,42,8,1,380000.00
25,7,2025-08-20T09:10:00.000+01:00,COMPLETED,TRANSFER,44,12,1,720000.00
25,7,2025-08-20T09:10:00.000+01:00,COMPLETED,TRANSFER,45,10,2,95000.00
